"SmallMolecule","Cell","Time Point (hrs)","Concentration (Î¼M)","Endpoint","Value","Gene Name"
"Enzalutamide","A673","6","0.25","up regulation","17.659","CDK6"
"Enzalutamide","A673","6","0.25","up regulation","15.263","ADRB2"
"Enzalutamide","HT-29","24","0.25","up regulation","14.094","SPP1"
"Enzalutamide","HT-29","24","0.25","up regulation","11.106","SLC25A14"
"Enzalutamide","NCI-H596","6","0.25","up regulation","10.865","C2CD2"
"Enzalutamide","NCI-H596","6","0.25","up regulation","9.755","CTTN"
"Enzalutamide","SW-948","6","0.25","up regulation","9.018","TSPAN6"
"Enzalutamide","A673","6","0.25","up regulation","8.711","SRC"
"Enzalutamide","A-375","24","0.25","up regulation","8.412","MAMLD1"
"Enzalutamide","HCT 116","6","0.25","up regulation","7.964","SIRT3"
"Enzalutamide","VCaP","24","0.4","up regulation","7.238","PROS1"
"Enzalutamide","VCaP","6","0.4","up regulation","7.136","PKIG"
"Enzalutamide","A673","6","0.25","up regulation","7.033","HLA-DMA"
"Enzalutamide","A-375","24","0.25","up regulation","7.017","PAK1"
"Enzalutamide","HCT 116","6","0.25","up regulation","6.997","CASP2"
"Enzalutamide","NCI-H596","6","0.25","up regulation","6.924","KLHL21"
"Enzalutamide","NCI-H596","6","0.25","up regulation","6.72","INTS3"
"Enzalutamide","A-375","24","0.25","up regulation","6.607","LOXL1"
"Enzalutamide","VCaP","24","0.4","up regulation","6.573","SPTLC2"
"Enzalutamide","MCF7","24","0.25","up regulation","6.55","IKZF1"
"Enzalutamide","SW620","6","0.25","up regulation","6.535","DHDDS"
"Enzalutamide","A673","6","0.25","up regulation","6.357","CBLB"
"Enzalutamide","PC-3","6","0.25","up regulation","6.317","USP6NL"
"Enzalutamide","PC-3","6","0.25","up regulation","6.266","FBXO11"
"Enzalutamide","MCF7","24","0.25","up regulation","6.073","MAMLD1"
"Enzalutamide","NCI-H596","6","0.25","up regulation","5.957","ABHD6"
"Enzalutamide","NCI-H596","6","0.25","up regulation","5.942","IDE"
"Enzalutamide","PC-3","6","0.25","up regulation","5.726","ABL1"
"Enzalutamide","VCaP","6","0.4","up regulation","5.485","PRKCQ"
"Enzalutamide","SW620","6","0.25","up regulation","5.423","CBR3"
"Enzalutamide","SW620","6","0.25","up regulation","5.416","TSPAN6"
"Enzalutamide","VCaP","24","2","up regulation","5.391","TSC22D3"
"Enzalutamide","HCT 116","6","0.25","up regulation","5.198","ADRB2"
"Enzalutamide","VCaP","6","0.4","up regulation","5.172","SPTLC2"
"Enzalutamide","A673","6","0.25","up regulation","5.122","PLEKHJ1"
"Enzalutamide","SW620","6","0.25","up regulation","4.907","HERC6"
"Enzalutamide","PC-3","6","0.25","up regulation","4.888","MAPK13"
"Enzalutamide","VCaP","24","10","up regulation","4.856","RAB27A"
"Enzalutamide","MCF7","24","0.25","up regulation","4.559","SNAP25"
"Enzalutamide","MCF7","24","0.25","up regulation","4.536","MEF2C"
"Enzalutamide","SW620","6","0.25","up regulation","4.524","SESN1"
"Enzalutamide","NCI-H596","6","0.25","up regulation","4.523","SGCB"
"Enzalutamide","VCaP","24","2","up regulation","4.489","HLA-DMA"
"Enzalutamide","NCI-H596","6","0.25","up regulation","4.387","TBXA2R"
"Enzalutamide","VCaP","24","10","up regulation","4.355","NFATC3"
"Enzalutamide","HCT 116","6","0.25","up regulation","4.352","KIT"
"Enzalutamide","MCF7","24","0.25","up regulation","4.348","NARFL"
"Enzalutamide","VCaP","24","10","up regulation","4.32","TSC22D3"
"Enzalutamide","MCF7","24","0.25","up regulation","4.262","ADCK3"
"Enzalutamide","VCaP","24","10","up regulation","4.211","RGS2"
"Enzalutamide","A-375","24","0.25","up regulation","4.21","SLC25A14"
"Enzalutamide","VCaP","24","10","up regulation","4.127","BAMBI"
"Enzalutamide","VCaP","24","10","up regulation","4.107","TIMM22"
"Enzalutamide","VCaP","24","10","up regulation","4.075","SATB1"
"Enzalutamide","NCI-H596","6","0.25","up regulation","4.07","ME2"
"Enzalutamide","VCaP","6","0.4","up regulation","4.035","PROS1"
"Enzalutamide","A673","6","0.25","up regulation","3.95","MICALL1"
"Enzalutamide","VCaP","24","2","up regulation","3.924","FZD7"
"Enzalutamide","VCaP","24","2","up regulation","3.903","PIP4K2B"
"Enzalutamide","VCaP","24","2","up regulation","3.902","KIT"
"Enzalutamide","A673","6","0.25","up regulation","3.87","SYNGR3"
"Enzalutamide","PC-3","6","0.25","up regulation","3.855","IL4R"
"Enzalutamide","SW-948","6","0.25","up regulation","3.833","MAMLD1"
"Enzalutamide","VCaP","6","0.4","up regulation","3.795","TICAM1"
"Enzalutamide","HCT 116","6","0.25","up regulation","3.784","ZNF589"
"Enzalutamide","HCT 116","6","0.25","up regulation","3.768","PHKG2"
"Enzalutamide","SW620","6","0.25","up regulation","3.742","CXCL2"
"Enzalutamide","MCF7","24","0.25","up regulation","3.729","TLR4"
"Enzalutamide","VCaP","24","2","up regulation","3.718","IGF2BP2"
"Enzalutamide","PC-3","6","0.25","up regulation","3.672","PLS1"
"Enzalutamide","SW620","6","0.25","up regulation","3.661","CGRRF1"
"Enzalutamide","VCaP","24","10","up regulation","3.622","ALDOC"
"Enzalutamide","VCaP","24","2","up regulation","3.617","EGF"
"Enzalutamide","PC-3","6","0.25","up regulation","3.603","FSD1"
"Enzalutamide","MCF7","24","0.25","up regulation","3.596","FBXO11"
"Enzalutamide","HT-29","24","0.25","up regulation","3.582","GPATCH8"
"Enzalutamide","HT-29","24","0.25","up regulation","3.573","METRN"
"Enzalutamide","VCaP","24","2","up regulation","3.57","CHEK1"
"Enzalutamide","VCaP","24","2","up regulation","3.556","RPL39L"
"Enzalutamide","HT-29","24","0.25","up regulation","3.514","KIAA0753"
"Enzalutamide","VCaP","6","0.4","up regulation","3.508","EPHB2"
"Enzalutamide","A673","6","0.25","up regulation","3.493","DHRS7"
"Enzalutamide","A673","6","0.25","up regulation","3.49","DYRK3"
"Enzalutamide","PC-3","6","0.25","up regulation","3.481","UBQLN2"
"Enzalutamide","HT-29","24","0.25","up regulation","3.474","SORBS3"
"Enzalutamide","SW-948","6","0.25","up regulation","3.472","MAST2"
"Enzalutamide","SW620","6","0.25","up regulation","3.46","SCP2"
"Enzalutamide","A673","6","0.25","up regulation","3.431","TBXA2R"
"Enzalutamide","SW620","6","0.25","up regulation","3.418","MAP7"
"Enzalutamide","SW620","6","0.25","up regulation","3.415","GATA2"
"Enzalutamide","NCI-H596","6","0.25","up regulation","3.407","SLC1A4"
"Enzalutamide","A673","6","0.25","up regulation","3.335","RRP8"
"Enzalutamide","A-375","24","0.25","up regulation","3.327","RRP8"
"Enzalutamide","SW620","6","0.25","up regulation","3.314","NFKBIB"
"Enzalutamide","NCI-H596","6","0.25","up regulation","3.283","SESN1"
"Enzalutamide","VCaP","24","10","up regulation","3.281","RELB"
"Enzalutamide","HCT 116","6","0.25","up regulation","3.278","FEZ2"
"Enzalutamide","NCI-H596","6","0.25","up regulation","3.236","CXCL2"
"Enzalutamide","A-375","24","0.25","up regulation","3.175","PRR15L"
"Enzalutamide","A-375","24","0.25","up regulation","3.158","SNAP25"
"Enzalutamide","VCaP","24","10","up regulation","3.157","CBLB"
"Enzalutamide","VCaP","24","10","up regulation","3.155","TBX2"
"Enzalutamide","SW-948","6","0.25","up regulation","3.154","RPA2"
"Enzalutamide","MCF7","24","0.25","up regulation","3.142","HOXA10"
"Enzalutamide","SW-948","6","0.25","up regulation","3.138","MAP7"
"Enzalutamide","SW-948","6","0.25","up regulation","3.135","MOK"
"Enzalutamide","HCT 116","6","0.25","up regulation","3.128","NMT1"
"Enzalutamide","A673","6","0.25","up regulation","3.094","HIF1A"
"Enzalutamide","MCF7","24","0.25","up regulation","3.091","CNPY3"
"Enzalutamide","A673","6","0.25","up regulation","3.073","MAN2B1"
"Enzalutamide","A-375","24","0.25","up regulation","3.04","FBXO11"
"Enzalutamide","A673","6","0.25","up regulation","3.02","TPM1"
"Enzalutamide","SW-948","6","0.25","up regulation","3.004","METRN"
"Enzalutamide","A673","6","0.25","up regulation","3.001","PDIA5"
"Enzalutamide","MCF7","24","0.25","up regulation","2.952","ABHD6"
"Enzalutamide","MCF7","24","0.25","up regulation","2.925","PRKCH"
"Enzalutamide","VCaP","24","10","up regulation","2.914","SOX4"
"Enzalutamide","SW-948","6","0.25","up regulation","2.894","PTGS2"
"Enzalutamide","NCI-H596","6","0.25","up regulation","2.885","TJP1"
"Enzalutamide","VCaP","24","10","up regulation","2.88","MCOLN1"
"Enzalutamide","SW-948","6","0.25","up regulation","2.88","RPL39L"
"Enzalutamide","VCaP","24","0.4","up regulation","2.867","NOS3"
"Enzalutamide","VCaP","24","10","up regulation","2.865","BAG3"
"Enzalutamide","SW-948","6","0.25","up regulation","2.861","STX1A"
"Enzalutamide","A673","6","0.25","up regulation","2.838","CD58"
"Enzalutamide","VCaP","24","10","up regulation","2.836","ABHD6"
"Enzalutamide","HT-29","24","0.25","up regulation","2.814","CHP"
"Enzalutamide","VCaP","24","10","up regulation","2.807","SMAD3"
"Enzalutamide","PC-3","6","0.25","up regulation","2.792","FAIM"
"Enzalutamide","VCaP","24","2","up regulation","2.774","HMGA2"
"Enzalutamide","VCaP","24","0.4","up regulation","2.771","CLPX"
"Enzalutamide","VCaP","24","0.4","up regulation","2.765","PRPF4"
"Enzalutamide","VCaP","24","10","up regulation","2.756","CTSL1"
"Enzalutamide","SW-948","6","0.25","up regulation","2.749","LOXL1"
"Enzalutamide","VCaP","24","10","up regulation","2.747","CDK6"
"Enzalutamide","SW-948","6","0.25","up regulation","2.74","GADD45B"
"Enzalutamide","VCaP","24","10","up regulation","2.727","LGALS8"
"Enzalutamide","VCaP","24","0.4","up regulation","2.711","YKT6"
"Enzalutamide","HCT 116","6","0.25","up regulation","2.697","PIK3CA"
"Enzalutamide","VCaP","24","10","up regulation","2.693","COL1A1"
"Enzalutamide","HCT 116","6","0.25","up regulation","2.684","ARID5B"
"Enzalutamide","VCaP","24","10","up regulation","2.682","NOTCH1"
"Enzalutamide","MCF7","24","0.25","up regulation","2.681","ST3GAL5"
"Enzalutamide","A673","6","0.25","up regulation","2.673","CTNNAL1"
"Enzalutamide","VCaP","24","10","up regulation","2.671","PROS1"
"Enzalutamide","VCaP","24","0.4","up regulation","2.651","PTK2B"
"Enzalutamide","VCaP","24","10","up regulation","2.638","SLC35A3"
"Enzalutamide","A673","6","0.25","up regulation","2.629","PRR15L"
"Enzalutamide","A673","6","0.25","up regulation","2.61","FAH"
"Enzalutamide","A673","6","0.25","up regulation","2.603","HPRT1"
"Enzalutamide","HCT 116","6","0.25","up regulation","2.593","STAP2"
"Enzalutamide","VCaP","24","0.4","up regulation","2.568","POLE2"
"Enzalutamide","VCaP","24","10","up regulation","2.561","ZNF586"
"Enzalutamide","SW-948","6","0.25","up regulation","2.543","STAP2"
"Enzalutamide","VCaP","24","0.4","up regulation","2.543","CASP2"
"Enzalutamide","VCaP","6","0.4","up regulation","2.531","AGL"
"Enzalutamide","SW620","6","0.25","up regulation","2.53","NOS3"
"Enzalutamide","SW-948","6","0.25","up regulation","2.52","HPRT1"
"Enzalutamide","A-375","24","0.25","up regulation","2.515","EPN2"
"Enzalutamide","PC-3","6","0.25","up regulation","2.508","BTK"
"Enzalutamide","A-375","24","0.25","up regulation","2.506","NCOA3"
"Enzalutamide","VCaP","24","10","up regulation","2.489","PSMB8"
"Enzalutamide","HCT 116","6","0.25","up regulation","2.483","RALGDS"
"Enzalutamide","A-375","24","0.25","up regulation","2.479","BCL7B"
"Enzalutamide","VCaP","24","10","up regulation","2.472","ANO10"
"Enzalutamide","SW-948","6","0.25","up regulation","2.471","PHKA1"
"Enzalutamide","HCT 116","6","0.25","up regulation","2.462","IGFBP3"
"Enzalutamide","HCT 116","6","0.25","up regulation","2.458","LIPA"
"Enzalutamide","A673","6","0.25","up regulation","2.449","ZNF589"
"Enzalutamide","HCT 116","6","0.25","up regulation","2.435","NPRL2"
"Enzalutamide","HCT 116","6","0.25","up regulation","2.429","INTS3"
"Enzalutamide","VCaP","24","10","up regulation","2.419","EML3"
"Enzalutamide","VCaP","24","10","up regulation","2.416","HES1"
"Enzalutamide","HT-29","24","0.25","up regulation","2.39","CENPE"
"Enzalutamide","VCaP","24","2","up regulation","2.388","BAMBI"
"Enzalutamide","VCaP","24","0.4","up regulation","2.388","RSU1"
"Enzalutamide","VCaP","24","10","up regulation","2.386","NR3C1"
"Enzalutamide","VCaP","24","10","up regulation","2.385","IGF2BP2"
"Enzalutamide","VCaP","24","0.4","up regulation","2.379","CGRRF1"
"Enzalutamide","SW-948","6","0.25","up regulation","2.377","EIF4G1"
"Enzalutamide","HCT 116","6","0.25","up regulation","2.368","LOXL1"
"Enzalutamide","HCT 116","6","0.25","up regulation","2.356","IL1B"
"Enzalutamide","NCI-H596","6","0.25","up regulation","2.349","CTNNAL1"
"Enzalutamide","PC-3","6","0.25","up regulation","2.341","MCOLN1"
"Enzalutamide","VCaP","24","2","up regulation","2.332","LYN"
"Enzalutamide","HCT 116","6","0.25","up regulation","2.332","KLHL9"
"Enzalutamide","VCaP","24","10","up regulation","2.319","GPER"
"Enzalutamide","VCaP","24","2","up regulation","2.314","IKBKB"
"Enzalutamide","VCaP","24","10","up regulation","2.311","KIF20A"
"Enzalutamide","MCF7","24","0.25","up regulation","2.306","CASP10"
"Enzalutamide","SW-948","6","0.25","up regulation","2.306","MYBL2"
"Enzalutamide","PC-3","6","0.25","up regulation","2.306","MEF2C"
"Enzalutamide","A673","6","0.25","up regulation","2.3","SLC27A3"
"Enzalutamide","VCaP","24","10","up regulation","2.297","MBOAT7"
"Enzalutamide","VCaP","24","0.4","up regulation","2.293","MBNL2"
"Enzalutamide","A-375","24","0.25","up regulation","2.289","SATB1"
"Enzalutamide","VCaP","24","10","up regulation","2.28","CCNB1"
"Enzalutamide","SW-948","6","0.25","up regulation","2.28","PHKG2"
"Enzalutamide","VCaP","24","10","up regulation","2.271","DNAJB2"
"Enzalutamide","VCaP","24","10","up regulation","2.26","POLD4"
"Enzalutamide","HCT 116","6","0.25","up regulation","2.243","CSNK2A2"
"Enzalutamide","VCaP","24","2","up regulation","2.241","DCTD"
"Enzalutamide","SW-948","6","0.25","up regulation","2.239","KIT"
"Enzalutamide","VCaP","24","10","up regulation","2.233","CASP3"
"Enzalutamide","NCI-H596","6","0.25","up regulation","2.216","METRN"
"Enzalutamide","HCT 116","6","0.25","up regulation","2.195","ZMIZ1"
"Enzalutamide","SW-948","6","0.25","up regulation","2.194","AMDHD2"
"Enzalutamide","HCT 116","6","0.25","up regulation","2.179","GDPD5"
"Enzalutamide","HCT 116","6","0.25","up regulation","2.179","BTK"
"Enzalutamide","VCaP","24","2","up regulation","2.177","HEATR1"
"Enzalutamide","VCaP","24","2","up regulation","2.175","NFATC3"
"Enzalutamide","HCT 116","6","0.25","up regulation","2.167","CNPY3"
"Enzalutamide","SW-948","6","0.25","up regulation","2.16","POLR2K"
"Enzalutamide","MCF7","24","0.25","up regulation","2.146","PSMB8"
"Enzalutamide","A673","6","0.25","up regulation","2.144","DNAJB2"
"Enzalutamide","A673","6","0.25","up regulation","2.14","CHN1"
"Enzalutamide","VCaP","24","10","up regulation","2.138","ATP1B1"
"Enzalutamide","SW-948","6","0.25","up regulation","2.137","SERPINE1"
"Enzalutamide","HCT 116","6","0.25","up regulation","2.136","NPEPL1"
"Enzalutamide","HCT 116","6","0.25","up regulation","2.135","ZNF586"
"Enzalutamide","VCaP","24","0.4","up regulation","2.132","PRKCQ"
"Enzalutamide","VCaP","24","0.4","up regulation","2.129","SGCB"
"Enzalutamide","SW-948","6","0.25","up regulation","2.123","DENND2D"
"Enzalutamide","VCaP","24","10","up regulation","2.119","SYNGR3"
"Enzalutamide","VCaP","24","0.4","up regulation","2.119","HEATR1"
"Enzalutamide","A673","6","0.25","up regulation","2.117","WDR7"
"Enzalutamide","HT-29","24","0.25","up regulation","2.113","ARID5B"
"Enzalutamide","HCT 116","6","0.25","up regulation","2.112","NUDT9"
"Enzalutamide","NCI-H596","6","0.25","up regulation","2.109","WDR61"
"Enzalutamide","SW-948","6","0.25","up regulation","2.102","ELAVL1"
"Enzalutamide","HCT 116","6","0.25","up regulation","2.097","CCNA1"
"Enzalutamide","VCaP","24","10","up regulation","2.076","BECN1"
"Enzalutamide","VCaP","24","10","up regulation","2.075","LRRC16A"
"Enzalutamide","VCaP","24","10","up regulation","2.074","NUP133"
"Enzalutamide","HCT 116","6","0.25","up regulation","2.073","PRR15L"
"Enzalutamide","HCT 116","6","0.25","up regulation","2.069","BPHL"
"Enzalutamide","SW-948","6","0.25","up regulation","2.061","ARID5B"
"Enzalutamide","VCaP","24","10","up regulation","2.057","BHLHE40"
"Enzalutamide","HCT 116","6","0.25","up regulation","2.055","INPP4B"
"Enzalutamide","HCT 116","6","0.25","up regulation","2.054","SSBP2"
"Enzalutamide","HCT 116","6","0.25","up regulation","2.053","MYCBP2"
"Enzalutamide","SW-948","6","0.25","up regulation","2.052","TRAM2"
"Enzalutamide","VCaP","24","10","up regulation","2.05","FOXO4"
"Enzalutamide","PC-3","6","0.25","up regulation","2.042","LRRC41"
"Enzalutamide","SW620","6","0.25","up regulation","2.041","ZFP36"
"Enzalutamide","SW-948","6","0.25","up regulation","2.041","USP6NL"
"Enzalutamide","HCT 116","6","0.25","up regulation","2.039","FCHO1"
"Enzalutamide","HCT 116","6","0.25","up regulation","2.039","ST6GALNAC2"
"Enzalutamide","HCT 116","6","0.25","up regulation","2.035","PRKCH"
"Enzalutamide","HCT 116","6","0.25","up regulation","2.032","WASF3"
"Enzalutamide","SW620","6","0.25","up regulation","2.031","NCK1"
"Enzalutamide","HCT 116","6","0.25","up regulation","2.028","NCOA3"
"Enzalutamide","VCaP","24","10","up regulation","2.026","ARHGEF2"
"Enzalutamide","MCF7","24","0.25","up regulation","2.002","EPHA3"
"Enzalutamide","VCaP","6","0.4","up regulation","2.001","DPH2"
"Enzalutamide","HCT 116","6","0.25","up regulation","1.994","NFATC4"
"Enzalutamide","A673","6","0.25","up regulation","1.988","FSD1"
"Enzalutamide","VCaP","24","10","up regulation","1.987","ITGB1BP1"
"Enzalutamide","A673","6","0.25","up regulation","1.987","BMP4"
"Enzalutamide","SW-948","6","0.25","up regulation","1.981","CALM3"
"Enzalutamide","PC-3","6","0.25","up regulation","1.977","BMP4"
"Enzalutamide","HCT 116","6","0.25","up regulation","1.976","C5"
"Enzalutamide","VCaP","24","0.4","up regulation","1.973","ABCC5"
"Enzalutamide","VCaP","24","10","up regulation","1.971","ERBB3"
"Enzalutamide","HCT 116","6","0.25","up regulation","1.971","DDR1"
"Enzalutamide","A673","6","0.25","up regulation","1.966","PRKCQ"
"Enzalutamide","HCT 116","6","0.25","up regulation","1.964","THAP11"
"Enzalutamide","A673","6","0.25","up regulation","1.961","IL4R"
"Enzalutamide","HCT 116","6","0.25","up regulation","1.958","SLC2A6"
"Enzalutamide","SW620","6","0.25","up regulation","1.955","PLCB3"
"Enzalutamide","VCaP","24","2","up regulation","1.954","TMEM5"
"Enzalutamide","VCaP","24","0.4","up regulation","1.952","POLG2"
"Enzalutamide","HCT 116","6","0.25","up regulation","1.941","GLI2"
"Enzalutamide","HCT 116","6","0.25","up regulation","1.934","HLA-DRA"
"Enzalutamide","HCT 116","6","0.25","up regulation","1.934","UBQLN2"
"Enzalutamide","HCT 116","6","0.25","up regulation","1.933","IGF2R"
"Enzalutamide","VCaP","24","10","up regulation","1.93","ZFP36"
"Enzalutamide","HCT 116","6","0.25","up regulation","1.928","PRKCQ"
"Enzalutamide","VCaP","24","0.4","up regulation","1.925","RB1"
"Enzalutamide","A673","6","0.25","up regulation","1.925","LGALS8"
"Enzalutamide","SW620","6","0.25","up regulation","1.925","TBXA2R"
"Enzalutamide","SW-948","6","0.25","up regulation","1.923","EPHA3"
"Enzalutamide","HCT 116","6","0.25","up regulation","1.922","BID"
"Enzalutamide","HCT 116","6","0.25","up regulation","1.921","FBXL12"
"Enzalutamide","VCaP","24","0.4","up regulation","1.918","ADCK3"
"Enzalutamide","A673","6","0.25","up regulation","1.912","VPS72"
"Enzalutamide","PC-3","6","0.25","up regulation","1.909","HYOU1"
"Enzalutamide","VCaP","24","10","up regulation","1.909","PRUNE"
"Enzalutamide","SW-948","6","0.25","up regulation","1.899","GLI2"
"Enzalutamide","HT-29","24","0.25","up regulation","1.886","LOXL1"
"Enzalutamide","A-375","24","0.25","up regulation","1.886","HOOK2"
"Enzalutamide","SW-948","6","0.25","up regulation","1.884","IKBKB"
"Enzalutamide","MCF7","24","0.25","up regulation","1.877","MBNL1"
"Enzalutamide","VCaP","24","0.4","up regulation","1.877","PIGB"
"Enzalutamide","SW-948","6","0.25","up regulation","1.877","TRIM13"
"Enzalutamide","MCF7","24","0.25","up regulation","1.865","MYL9"
"Enzalutamide","SW-948","6","0.25","up regulation","1.865","AGL"
"Enzalutamide","SW-948","6","0.25","up regulation","1.86","BPHL"
"Enzalutamide","NCI-H596","6","0.25","up regulation","1.854","LRRC16A"
"Enzalutamide","SW-948","6","0.25","up regulation","1.849","CRELD2"
"Enzalutamide","SW-948","6","0.25","up regulation","1.849","KIAA0494"
"Enzalutamide","HT-29","24","0.25","up regulation","1.848","USP6NL"
"Enzalutamide","SW-948","6","0.25","up regulation","1.848","CISD1"
"Enzalutamide","SW620","6","0.25","up regulation","1.835","SATB1"
"Enzalutamide","SW-948","6","0.25","up regulation","1.832","UBQLN2"
"Enzalutamide","A673","6","0.25","up regulation","1.826","BHLHE40"
"Enzalutamide","PC-3","6","0.25","up regulation","1.824","SOX2"
"Enzalutamide","A673","6","0.25","up regulation","1.821","MAPK13"
"Enzalutamide","VCaP","24","2","up regulation","1.804","MBNL2"
"Enzalutamide","SW-948","6","0.25","up regulation","1.798","UBE2L6"
"Enzalutamide","SW-948","6","0.25","up regulation","1.794","NUDT9"
"Enzalutamide","VCaP","24","2","up regulation","1.788","TCTN1"
"Enzalutamide","A673","6","0.25","up regulation","1.785","NPEPL1"
"Enzalutamide","SW-948","6","0.25","up regulation","1.783","NR1H2"
"Enzalutamide","A-375","24","0.25","up regulation","1.782","SNX11"
"Enzalutamide","A-375","24","0.25","up regulation","1.779","STAP2"
"Enzalutamide","NCI-H596","6","0.25","up regulation","1.77","SLC25A13"
"Enzalutamide","SW-948","6","0.25","up regulation","1.765","ATF5"
"Enzalutamide","PC-3","6","0.25","up regulation","1.758","MYLK"
"Enzalutamide","VCaP","6","0.4","up regulation","1.751","CHEK1"
"Enzalutamide","MCF7","24","0.25","up regulation","1.75","BAD"
"Enzalutamide","SW-948","6","0.25","up regulation","1.745","CAPN1"
"Enzalutamide","A-375","24","0.25","up regulation","1.743","CTTN"
"Enzalutamide","VCaP","24","10","up regulation","1.743","TSEN2"
"Enzalutamide","A-375","24","0.25","up regulation","1.739","SESN1"
"Enzalutamide","VCaP","24","2","up regulation","1.737","FCHO1"
"Enzalutamide","VCaP","24","2","up regulation","1.737","CBLB"
"Enzalutamide","VCaP","24","2","up regulation","1.736","MOK"
"Enzalutamide","VCaP","24","0.4","up regulation","1.735","FOXO4"
"Enzalutamide","SW-948","6","0.25","up regulation","1.731","SSBP2"
"Enzalutamide","A673","6","0.25","up regulation","1.729","SNAP25"
"Enzalutamide","MCF7","24","0.25","up regulation","1.728","MAP2K5"
"Enzalutamide","VCaP","6","0.4","up regulation","1.716","HES1"
"Enzalutamide","SW-948","6","0.25","up regulation","1.715","MKNK1"
"Enzalutamide","SW-948","6","0.25","up regulation","1.712","RFNG"
"Enzalutamide","SW-948","6","0.25","up regulation","1.703","NARFL"
"Enzalutamide","VCaP","24","0.4","up regulation","1.693","RASA1"
"Enzalutamide","VCaP","6","0.4","up regulation","1.68","IGFBP3"
"Enzalutamide","NCI-H596","6","0.25","up regulation","1.679","NPRL2"
"Enzalutamide","PC-3","6","0.25","up regulation","1.66","TFAP2A"
"Enzalutamide","A673","6","0.25","up regulation","1.66","SNX11"
"Enzalutamide","MCF7","24","0.25","up regulation","1.653","HOXA5"
"Enzalutamide","A673","6","0.25","up regulation","1.647","GLI2"
"Enzalutamide","NCI-H596","6","0.25","up regulation","1.643","NUP62"
"Enzalutamide","NCI-H596","6","0.25","up regulation","1.64","DCK"
"Enzalutamide","A673","6","0.25","up regulation","1.636","IFNAR1"
"Enzalutamide","A673","6","0.25","up regulation","1.636","CENPE"
"Enzalutamide","SW620","6","0.25","up regulation","1.635","CERK"
"Enzalutamide","A673","6","0.25","up regulation","1.633","TESK1"
"Enzalutamide","A673","6","0.25","up regulation","1.627","ICAM1"
"Enzalutamide","SW-948","6","0.25","up regulation","1.626","MEF2C"
"Enzalutamide","A-375","24","0.25","up regulation","1.62","VAV3"
"Enzalutamide","VCaP","6","0.4","up regulation","1.618","BLMH"
"Enzalutamide","VCaP","6","0.4","up regulation","1.617","RFNG"
"Enzalutamide","PC-3","6","0.25","up regulation","1.612","DFFA"
"Enzalutamide","MCF7","24","0.25","up regulation","1.611","BZW2"
"Enzalutamide","A673","6","0.25","up regulation","1.607","FASTKD5"
"Enzalutamide","A673","6","0.25","up regulation","1.604","H2AFV"
"Enzalutamide","VCaP","24","2","up regulation","1.603","FOXO4"
"Enzalutamide","PC-3","6","0.25","up regulation","1.602","DNAJB6"
"Enzalutamide","A673","6","0.25","up regulation","1.6","SATB1"
"Enzalutamide","VCaP","24","2","up regulation","1.599","FOXO3"
"Enzalutamide","SW-948","6","0.25","up regulation","1.598","CCNF"
"Enzalutamide","PC-3","6","0.25","up regulation","1.597","AURKB"
"Enzalutamide","VCaP","24","2","up regulation","1.596","DNAJC15"
"Enzalutamide","PC-3","6","0.25","up regulation","1.592","TRIM2"
"Enzalutamide","NCI-H596","6","0.25","up regulation","1.59","EED"
"Enzalutamide","VCaP","6","0.4","up regulation","1.588","PAK6"
"Enzalutamide","SW620","6","0.25","up regulation","1.586","CRKL"
"Enzalutamide","A673","6","0.25","up regulation","1.586","RFNG"
"Enzalutamide","HT-29","24","0.25","up regulation","1.584","AKT1"
"Enzalutamide","A673","6","0.25","up regulation","1.581","PIN1"
"Enzalutamide","PC-3","6","0.25","up regulation","1.567","ARL4C"
"Enzalutamide","SW620","6","0.25","up regulation","1.566","FAIM"
"Enzalutamide","VCaP","6","0.4","up regulation","1.558","ATP11B"
"Enzalutamide","VCaP","24","2","up regulation","1.557","PTGS2"
"Enzalutamide","A673","6","0.25","up regulation","1.552","HLA-DRA"
"Enzalutamide","PC-3","6","0.25","up regulation","1.552","NVL"
"Enzalutamide","NCI-H596","6","0.25","up regulation","1.551","HTRA1"
"Enzalutamide","A673","6","0.25","up regulation","1.548","SNCA"
"Enzalutamide","SW620","6","0.25","up regulation","1.547","MAST2"
"Enzalutamide","NCI-H596","6","0.25","up regulation","1.535","TCTN1"
"Enzalutamide","VCaP","24","0.4","up regulation","1.534","CASP10"
"Enzalutamide","HT-29","24","0.25","up regulation","1.53","SKP1"
"Enzalutamide","VCaP","24","0.4","up regulation","1.523","XPNPEP1"
"Enzalutamide","A673","6","0.25","up regulation","1.521","IQGAP1"
"Enzalutamide","PC-3","6","0.25","up regulation","1.519","MMP2"
"Enzalutamide","SW-948","6","0.25","up regulation","1.518","SRC"
"Enzalutamide","MCF7","24","0.25","up regulation","1.51","TIAM1"
"Enzalutamide","HT-29","24","0.25","up regulation","1.505","DMTF1"
"Enzalutamide","PC-3","6","0.25","up regulation","1.497","SYK"
"Enzalutamide","VCaP","6","0.4","up regulation","1.485","GNA11"
"Enzalutamide","SW620","6","0.25","up regulation","1.477","ABHD6"
"Enzalutamide","VCaP","24","2","up regulation","1.471","IGFBP3"
"Enzalutamide","A-375","24","0.25","up regulation","1.468","AMDHD2"
"Enzalutamide","VCaP","24","2","up regulation","1.467","CGRRF1"
"Enzalutamide","VCaP","6","0.4","up regulation","1.461","ZNF131"
"Enzalutamide","VCaP","24","0.4","up regulation","1.458","NCOA3"
"Enzalutamide","VCaP","24","0.4","up regulation","1.454","FOXO3"
"Enzalutamide","VCaP","24","2","up regulation","1.453","LGALS8"
"Enzalutamide","VCaP","24","2","up regulation","1.451","ARHGEF2"
"Enzalutamide","A-375","24","0.25","up regulation","1.438","CDK6"
"Enzalutamide","NCI-H596","6","0.25","up regulation","1.432","ATP5S"
"Enzalutamide","VCaP","24","0.4","up regulation","1.43","CHEK1"
"Enzalutamide","A-375","24","0.25","up regulation","1.43","FAS"
"Enzalutamide","NCI-H596","6","0.25","up regulation","1.429","ANXA7"
"Enzalutamide","NCI-H596","6","0.25","up regulation","1.427","HK1"
"Enzalutamide","SW620","6","0.25","up regulation","1.424","CEBPD"
"Enzalutamide","PC-3","6","0.25","up regulation","1.424","CD40"
"Enzalutamide","SW620","6","0.25","up regulation","1.423","GDPD5"
"Enzalutamide","PC-3","6","0.25","up regulation","1.421","CTNND1"
"Enzalutamide","A-375","24","0.25","up regulation","1.42","PSMD10"
"Enzalutamide","PC-3","6","0.25","up regulation","1.419","ACD"
"Enzalutamide","VCaP","24","2","up regulation","1.414","GRB10"
"Enzalutamide","NCI-H596","6","0.25","up regulation","1.413","LYRM1"
"Enzalutamide","SW620","6","0.25","up regulation","1.405","PHKG2"
"Enzalutamide","SW620","6","0.25","up regulation","1.401","PCK2"
"Enzalutamide","HT-29","24","0.25","up regulation","1.399","PNKP"
"Enzalutamide","NCI-H596","6","0.25","up regulation","1.392","PSMG1"
"Enzalutamide","VCaP","24","2","up regulation","1.392","SESN1"
"Enzalutamide","NCI-H596","6","0.25","up regulation","1.389","HOXA10"
"Enzalutamide","MCF7","24","0.25","up regulation","1.387","MAST2"
"Enzalutamide","A-375","24","0.25","up regulation","1.383","PTPLAD1"
"Enzalutamide","VCaP","24","2","up regulation","1.383","SATB1"
"Enzalutamide","NCI-H596","6","0.25","up regulation","1.382","ICAM3"
"Enzalutamide","A-375","24","0.25","up regulation","1.381","INPP4B"
"Enzalutamide","NCI-H596","6","0.25","up regulation","1.379","ARFIP2"
"Enzalutamide","PC-3","6","0.25","up regulation","1.378","PPP1R13B"
"Enzalutamide","PC-3","6","0.25","up regulation","1.377","ZMIZ1"
"Enzalutamide","PC-3","6","0.25","up regulation","1.376","C5"
"Enzalutamide","NCI-H596","6","0.25","up regulation","1.374","RRP8"
"Enzalutamide","PC-3","6","0.25","up regulation","1.373","PAFAH1B1"
"Enzalutamide","VCaP","24","0.4","up regulation","1.365","ETFB"
"Enzalutamide","VCaP","6","0.4","up regulation","1.363","RPA3"
"Enzalutamide","MCF7","24","0.25","up regulation","1.363","SQRDL"
"Enzalutamide","PC-3","6","0.25","up regulation","1.362","PAPD7"
"Enzalutamide","SW620","6","0.25","up regulation","1.36","DYRK3"
"Enzalutamide","SW620","6","0.25","up regulation","1.359","BMP4"
"Enzalutamide","SW620","6","0.25","up regulation","1.347","KLHL9"
"Enzalutamide","VCaP","24","0.4","up regulation","1.343","ELAC2"
"Enzalutamide","PC-3","6","0.25","up regulation","1.34","IFNAR1"
"Enzalutamide","NCI-H596","6","0.25","up regulation","1.34","PCNA"
"Enzalutamide","VCaP","6","0.4","up regulation","1.34","DENND2D"
"Enzalutamide","PC-3","6","0.25","up regulation","1.339","ARNT2"
"Enzalutamide","SW620","6","0.25","up regulation","1.339","TCTN1"
"Enzalutamide","SW620","6","0.25","up regulation","1.338","DNMT1"
"Enzalutamide","NCI-H596","6","0.25","up regulation","1.336","FAS"
"Enzalutamide","SW620","6","0.25","up regulation","1.335","RPA2"
"Enzalutamide","A-375","24","0.25","up regulation","1.335","PIH1D1"
"Enzalutamide","VCaP","6","0.4","up regulation","1.332","STX1A"
"Enzalutamide","SW620","6","0.25","up regulation","1.33","LGMN"
"Enzalutamide","VCaP","24","0.4","up regulation","1.328","SESN1"
"Enzalutamide","VCaP","24","2","up regulation","1.325","CISD1"
"Enzalutamide","VCaP","24","2","up regulation","1.319","PSME1"
"Enzalutamide","NCI-H596","6","0.25","up regulation","1.314","TIMM17B"
"Enzalutamide","PC-3","6","0.25","up regulation","1.309","SLC27A3"
"Enzalutamide","PC-3","6","0.25","up regulation","1.3","SHB"
"Enzalutamide","PC-3","6","0.25","up regulation","1.3","NARFL"
"Enzalutamide","VCaP","6","0.4","up regulation","1.294","PIP4K2B"
"Enzalutamide","MCF7","24","0.25","up regulation","1.29","ATP11B"
"Enzalutamide","NCI-H596","6","0.25","up regulation","1.289","SPR"
"Enzalutamide","VCaP","6","0.4","up regulation","1.284","DDX10"
"Enzalutamide","NCI-H596","6","0.25","up regulation","1.284","SMARCA4"
"Enzalutamide","SW620","6","0.25","up regulation","1.283","WDR7"
"Enzalutamide","A-375","24","0.25","up regulation","1.278","RRS1"
"Enzalutamide","NCI-H596","6","0.25","up regulation","1.277","UTP14A"
"Enzalutamide","VCaP","24","2","up regulation","1.275","CCNA1"
"Enzalutamide","PC-3","6","0.25","up regulation","1.272","SNX7"
"Enzalutamide","SW620","6","0.25","up regulation","1.269","CAST"
"Enzalutamide","HT-29","24","0.25","up regulation","1.267","ADCK3"
"Enzalutamide","VCaP","6","0.4","up regulation","1.267","BAMBI"
"Enzalutamide","NCI-H596","6","0.25","up regulation","1.266","MYCBP"
"Enzalutamide","VCaP","24","2","up regulation","1.266","CLPX"
"Enzalutamide","NCI-H596","6","0.25","up regulation","1.261","ADAM10"
"Enzalutamide","VCaP","24","0.4","up regulation","1.26","CDKN1B"
"Enzalutamide","PC-3","6","0.25","up regulation","1.26","CASP10"
"Enzalutamide","PC-3","6","0.25","up regulation","1.259","CCL2"
"Enzalutamide","VCaP","24","2","up regulation","1.258","VAV3"
"Enzalutamide","NCI-H596","6","0.25","up regulation","1.255","KIAA0100"
"Enzalutamide","PC-3","6","0.25","up regulation","1.255","FBXO21"
"Enzalutamide","PC-3","6","0.25","up regulation","1.254","BUB1B"
"Enzalutamide","NCI-H596","6","0.25","up regulation","1.251","STAMBP"
"Enzalutamide","NCI-H596","6","0.25","up regulation","1.249","KIF14"
"Enzalutamide","NCI-H596","6","0.25","up regulation","1.248","GPC1"
"Enzalutamide","NCI-H596","6","0.25","up regulation","1.247","HAT1"
"Enzalutamide","SW620","6","0.25","up regulation","1.246","RALGDS"
"Enzalutamide","VCaP","24","0.4","up regulation","1.242","IGFBP3"
"Enzalutamide","NCI-H596","6","0.25","up regulation","1.239","TATDN2"
"Enzalutamide","SW620","6","0.25","up regulation","1.237","HLA-DRA"
"Enzalutamide","PC-3","6","0.25","up regulation","1.233","PRR15L"
"Enzalutamide","HT-29","24","0.25","up regulation","1.231","LYRM1"
"Enzalutamide","VCaP","24","2","up regulation","1.229","EPHA3"
"Enzalutamide","VCaP","24","2","up regulation","1.229","P4HTM"
"Enzalutamide","NCI-H596","6","0.25","up regulation","1.227","MRPL19"
"Enzalutamide","NCI-H596","6","0.25","up regulation","1.225","CANT1"
"Enzalutamide","VCaP","6","0.4","up regulation","1.222","POLG2"
"Enzalutamide","A-375","24","0.25","up regulation","1.222","CREB1"
"Enzalutamide","NCI-H596","6","0.25","up regulation","1.217","RFX5"
"Enzalutamide","VCaP","24","0.4","up regulation","1.216","GATA2"
"Enzalutamide","VCaP","6","0.4","up regulation","1.213","USP14"
"Enzalutamide","A-375","24","0.25","up regulation","1.212","NCK1"
"Enzalutamide","VCaP","6","0.4","up regulation","1.208","XPO7"
"Enzalutamide","PC-3","6","0.25","up regulation","1.206","NFATC3"
"Enzalutamide","VCaP","24","0.4","up regulation","1.205","GRB10"
"Enzalutamide","VCaP","6","0.4","up regulation","1.203","BZW2"
"Enzalutamide","VCaP","6","0.4","up regulation","1.199","PRSS23"
"Enzalutamide","MCF7","24","0.25","up regulation","1.199","FGFR4"
"Enzalutamide","VCaP","24","2","up regulation","1.198","ETFB"
"Enzalutamide","VCaP","6","0.4","up regulation","1.197","EZH2"
"Enzalutamide","SW620","6","0.25","up regulation","1.196","PTPRF"
"Enzalutamide","VCaP","6","0.4","up regulation","1.193","RFC2"
"Enzalutamide","A-375","24","0.25","up regulation","1.19","CDC42"
"Enzalutamide","SW620","6","0.25","up regulation","1.186","NFATC4"
"Enzalutamide","SW620","6","0.25","up regulation","1.185","IKBKB"
"Enzalutamide","VCaP","24","0.4","up regulation","1.184","GRN"
"Enzalutamide","VCaP","24","0.4","up regulation","1.184","DCTD"
"Enzalutamide","VCaP","6","0.4","up regulation","1.18","SESN1"
"Enzalutamide","VCaP","24","2","up regulation","1.179","NET1"
"Enzalutamide","PC-3","6","0.25","up regulation","1.176","GDPD5"
"Enzalutamide","PC-3","6","0.25","up regulation","1.149","PTK2B"
"Enzalutamide","A-375","24","0.25","up regulation","1.149","TBX2"
"Enzalutamide","HT-29","24","0.25","up regulation","1.146","ALDH7A1"
"Enzalutamide","VCaP","6","0.4","up regulation","1.145","RPA1"
"Enzalutamide","SW620","6","0.25","up regulation","1.139","PEX11A"
"Enzalutamide","SW620","6","0.25","up regulation","1.134","GTF2A2"
"Enzalutamide","HT-29","24","0.25","up regulation","1.131","MSRA"
"Enzalutamide","VCaP","6","0.4","up regulation","1.131","RALGDS"
"Enzalutamide","VCaP","24","2","up regulation","1.124","DENND2D"
"Enzalutamide","SW620","6","0.25","up regulation","1.123","PPOX"
"Enzalutamide","VCaP","6","0.4","up regulation","1.122","CSRP1"
"Enzalutamide","VCaP","6","0.4","up regulation","1.119","MYC"
"Enzalutamide","VCaP","24","2","up regulation","1.118","ZNF131"
"Enzalutamide","SW620","6","0.25","up regulation","1.116","RB1"
"Enzalutamide","SW620","6","0.25","up regulation","1.109","ORC1"
"Enzalutamide","VCaP","6","0.4","up regulation","1.108","SMARCA4"
"Enzalutamide","MCF7","24","0.25","up regulation","1.108","PCNA"
"Enzalutamide","VCaP","6","0.4","up regulation","1.103","MRPS2"
"Enzalutamide","A-375","24","0.25","up regulation","1.102","MBNL1"
"Enzalutamide","MCF7","24","0.25","up regulation","1.099","HYOU1"
"Enzalutamide","MCF7","24","0.25","up regulation","1.098","SRC"
"Enzalutamide","MCF7","24","0.25","up regulation","1.093","NCK1"
"Enzalutamide","VCaP","24","2","up regulation","1.089","GPER"
"Enzalutamide","MCF7","24","0.25","up regulation","1.086","SLC25A46"
"Enzalutamide","VCaP","24","0.4","up regulation","1.086","CRTAP"
"Enzalutamide","VCaP","6","0.4","up regulation","1.081","DCK"
"Enzalutamide","MCF7","24","0.25","up regulation","1.078","SMC4"
"Enzalutamide","PC-3","6","0.25","up regulation","1.077","NIT1"
"Enzalutamide","HT-29","24","0.25","up regulation","1.077","MYCBP"
"Enzalutamide","VCaP","6","0.4","up regulation","1.074","KLHL9"
"Enzalutamide","SW620","6","0.25","up regulation","1.072","SPDEF"
"Enzalutamide","A-375","24","0.25","up regulation","1.07","CCNF"
"Enzalutamide","VCaP","6","0.4","up regulation","1.066","UBE2C"
"Enzalutamide","VCaP","24","2","up regulation","1.062","RPS5"
"Enzalutamide","VCaP","24","2","up regulation","1.059","CD40"
"Enzalutamide","MCF7","24","0.25","up regulation","1.058","ANXA7"
"Enzalutamide","MCF7","24","0.25","up regulation","1.058","AKAP8"
"Enzalutamide","MCF7","24","0.25","up regulation","1.055","HDAC2"
"Enzalutamide","VCaP","24","0.4","up regulation","1.054","TCEAL4"
"Enzalutamide","VCaP","6","0.4","up regulation","1.053","PSMB8"
"Enzalutamide","VCaP","24","0.4","up regulation","1.051","PIK3C2B"
"Enzalutamide","VCaP","6","0.4","up regulation","1.049","FAT1"
"Enzalutamide","VCaP","24","2","up regulation","1.047","MEST"
"Enzalutamide","A-375","24","0.25","up regulation","1.042","GNAS"
"Enzalutamide","VCaP","6","0.4","up regulation","1.038","DSG2"
"Enzalutamide","SW620","6","0.25","up regulation","1.032","CEP57"
"Enzalutamide","A-375","24","0.25","up regulation","1.028","CD58"
"Enzalutamide","SW620","6","0.25","up regulation","1.023","POLR1C"
"Enzalutamide","VCaP","24","0.4","up regulation","1.022","MRPL19"
"Enzalutamide","SW620","6","0.25","up regulation","1.019","COL1A1"
"Enzalutamide","HT-29","24","0.25","up regulation","1.019","RPA3"
"Enzalutamide","MCF7","24","0.25","up regulation","1.014","NNT"
"Enzalutamide","VCaP","24","0.4","up regulation","1.011","ATG3"
"Enzalutamide","A-375","24","0.25","up regulation","1.005","USP1"
"Enzalutamide","VCaP","24","0.4","up regulation","1.003","TBPL1"
"Enzalutamide","MCF7","24","0.25","up regulation","0.996","DSG2"
"Enzalutamide","VCaP","6","0.4","up regulation","0.994","ZMIZ1"
"Enzalutamide","VCaP","6","0.4","up regulation","0.992","RNPS1"
"Enzalutamide","MCF7","24","0.25","up regulation","0.991","PAICS"
"Enzalutamide","A-375","24","0.25","up regulation","0.99","SKP1"
"Enzalutamide","MCF7","24","0.25","up regulation","0.984","CISD1"
"Enzalutamide","MCF7","24","0.25","up regulation","0.981","SCP2"
"Enzalutamide","HT-29","24","0.25","up regulation","0.98","PLEKHJ1"
"Enzalutamide","HT-29","24","0.25","up regulation","0.978","RAB4A"
"Enzalutamide","A-375","24","0.25","up regulation","0.977","GTF2A2"
"Enzalutamide","MCF7","24","0.25","up regulation","0.974","EED"
"Enzalutamide","MCF7","24","0.25","up regulation","0.971","BRP44"
"Enzalutamide","HT-29","24","0.25","up regulation","0.971","UBR7"
"Enzalutamide","HT-29","24","0.25","up regulation","0.969","PPIE"
"Enzalutamide","VCaP","6","0.4","up regulation","0.966","ICAM3"
"Enzalutamide","VCaP","6","0.4","up regulation","0.966","AKT1"
"Enzalutamide","MCF7","24","0.25","up regulation","0.96","HDGFRP3"
"Enzalutamide","A-375","24","0.25","up regulation","0.959","SUZ12"
"Enzalutamide","VCaP","6","0.4","up regulation","0.959","DNAJB1"
"Enzalutamide","MCF7","24","0.25","up regulation","0.959","PLCB3"
"Enzalutamide","VCaP","6","0.4","up regulation","0.958","RNF167"
"Enzalutamide","A-375","24","0.25","up regulation","0.955","ABCB6"
"Enzalutamide","VCaP","6","0.4","up regulation","0.954","POP4"
"Enzalutamide","HT-29","24","0.25","up regulation","0.944","TSEN2"
"Enzalutamide","A-375","24","0.25","up regulation","0.933","C2CD2L"
"Enzalutamide","HT-29","24","0.25","up regulation","0.929","NGRN"
"Enzalutamide","SW620","6","0.25","up regulation","0.927","CISD1"
"Enzalutamide","MCF7","24","0.25","up regulation","0.925","PSRC1"
"Enzalutamide","A-375","24","0.25","up regulation","0.925","TATDN2"
"Enzalutamide","MCF7","24","0.25","up regulation","0.919","HERC6"
"Enzalutamide","VCaP","24","2","up regulation","0.915","RHEB"
"Enzalutamide","HT-29","24","0.25","up regulation","0.915","CCNF"
"Enzalutamide","VCaP","24","0.4","up regulation","0.914","KIAA0528"
"Enzalutamide","A-375","24","0.25","up regulation","0.912","HES1"
"Enzalutamide","HT-29","24","0.25","up regulation","0.909","PDLIM1"
"Enzalutamide","VCaP","24","2","up regulation","0.909","SQRDL"
"Enzalutamide","HT-29","24","0.25","up regulation","0.899","SMC4"
"Enzalutamide","A-375","24","0.25","up regulation","0.892","RHOA"
"Enzalutamide","HT-29","24","0.25","up regulation","0.89","GNAS"
"Enzalutamide","A-375","24","0.25","up regulation","0.89","ECD"
"Enzalutamide","MCF7","24","0.25","up regulation","0.887","MSRA"
"Enzalutamide","A-375","24","0.25","up regulation","0.886","ALDH7A1"
"Enzalutamide","HT-29","24","0.25","up regulation","0.871","TPD52L2"
"Enzalutamide","HT-29","24","0.25","up regulation","0.871","LSM6"
"Enzalutamide","A-375","24","0.25","up regulation","0.867","CCNE2"
"Enzalutamide","MCF7","24","0.25","up regulation","0.861","ST7"
"Enzalutamide","HT-29","24","0.25","up regulation","0.856","CASP2"
"Enzalutamide","HT-29","24","0.25","up regulation","0.852","POLE2"
"Enzalutamide","A-375","24","0.25","up regulation","0.85","SLC35A3"
"Enzalutamide","MCF7","24","0.25","up regulation","0.847","DHX29"
"Enzalutamide","A-375","24","0.25","up regulation","0.842","TMCO1"
"Enzalutamide","A-375","24","0.25","up regulation","0.826","MSH6"
"Enzalutamide","HT-29","24","0.25","up regulation","0.825","PDGFA"
"Enzalutamide","A-375","24","0.25","up regulation","0.822","TCERG1"
"Enzalutamide","HT-29","24","0.25","up regulation","0.817","NRAS"
"Enzalutamide","HT-29","24","0.25","up regulation","0.815","NPRL2"
"Enzalutamide","HT-29","24","0.25","up regulation","0.78","YTHDF1"
"Enzalutamide","HT-29","24","0.25","up regulation","0.78","GTPBP8"
"Enzalutamide","HT-29","24","0.25","up regulation","0.77","TXNDC9"
"Enzalutamide","HT-29","24","0.25","up regulation","0.767","DNAJC15"
"Enzalutamide","HT-29","24","0.25","up regulation","0.764","BRP44"
"Enzalutamide","HT-29","24","0.25","up regulation","0.721","PPP2R3C"
"Enzalutamide","HT-29","24","0.25","up regulation","0.698","ATP5S"
"Enzalutamide","HT-29","24","0.25","up regulation","0.683","ADI1"
"Enzalutamide","HT-29","24","0.25","up regulation","0.666","GNAI1"
"Enzalutamide","HT-29","24","0.25","up regulation","0.655","HLA-DMA"
"Enzalutamide","PC-3","6","0.25","up regulation","0.646","BPHL"
"Enzalutamide","HT-29","24","0.25","up regulation","0.64","CTTN"
"Enzalutamide","VCaP","24","0.4","up regulation","0.583","PSIP1"
"Enzalutamide","VCaP","24","0.4","up regulation","0.582","KAT6B"
"Enzalutamide","VCaP","24","0.4","up regulation","0.557","NET1"
"Enzalutamide","VCaP","24","0.4","up regulation","0.482","TMEM2"
"Enzalutamide","VCaP","24","0.4","up regulation","0.463","KDM5A"
"Enzalutamide","VCaP","24","0.4","up regulation","0.301","ICMT"
"Enzalutamide","VCaP","24","0.4","up regulation","0.106","ACAA1"
"Enzalutamide","HT-29","24","0.25","down regulation","-0.463","APP"
"Enzalutamide","HT-29","24","0.25","down regulation","-0.48","CEBPZ"
"Enzalutamide","HT-29","24","0.25","down regulation","-0.528","HOMER2"
"Enzalutamide","HT-29","24","0.25","down regulation","-0.571","TCEA2"
"Enzalutamide","HT-29","24","0.25","down regulation","-0.634","PPOX"
"Enzalutamide","HT-29","24","0.25","down regulation","-0.647","EXT1"
"Enzalutamide","HT-29","24","0.25","down regulation","-0.668","HYOU1"
"Enzalutamide","A-375","24","0.25","down regulation","-0.713","ITFG1"
"Enzalutamide","HT-29","24","0.25","down regulation","-0.722","FCHO1"
"Enzalutamide","HT-29","24","0.25","down regulation","-0.723","RRP12"
"Enzalutamide","A-375","24","0.25","down regulation","-0.728","UBE3C"
"Enzalutamide","HT-29","24","0.25","down regulation","-0.731","STX4"
"Enzalutamide","HT-29","24","0.25","down regulation","-0.75","ALAS1"
"Enzalutamide","HT-29","24","0.25","down regulation","-0.752","PRAF2"
"Enzalutamide","HT-29","24","0.25","down regulation","-0.756","NFE2L2"
"Enzalutamide","HT-29","24","0.25","down regulation","-0.773","SH3BP5"
"Enzalutamide","A-375","24","0.25","down regulation","-0.776","PHKG2"
"Enzalutamide","HT-29","24","0.25","down regulation","-0.789","BAG3"
"Enzalutamide","A-375","24","0.25","down regulation","-0.791","SLC27A3"
"Enzalutamide","MCF7","24","0.25","down regulation","-0.794","CREB1"
"Enzalutamide","A-375","24","0.25","down regulation","-0.796","NFE2L2"
"Enzalutamide","HT-29","24","0.25","down regulation","-0.799","DNAJA3"
"Enzalutamide","A-375","24","0.25","down regulation","-0.805","SLC2A6"
"Enzalutamide","MCF7","24","0.25","down regulation","-0.806","CDK6"
"Enzalutamide","HT-29","24","0.25","down regulation","-0.808","CASP10"
"Enzalutamide","HT-29","24","0.25","down regulation","-0.808","MYO10"
"Enzalutamide","A-375","24","0.25","down regulation","-0.826","LPAR2"
"Enzalutamide","HT-29","24","0.25","down regulation","-0.832","PIK3CA"
"Enzalutamide","HT-29","24","0.25","down regulation","-0.844","PLEKHM1"
"Enzalutamide","A-375","24","0.25","down regulation","-0.86","CTSL1"
"Enzalutamide","HT-29","24","0.25","up regulation","-0.86","HAT1"
"Enzalutamide","HT-29","24","0.25","down regulation","-0.863","HSPA4"
"Enzalutamide","A-375","24","0.25","down regulation","-0.87","KIAA0907"
"Enzalutamide","HT-29","24","0.25","down regulation","-0.888","BAD"
"Enzalutamide","HT-29","24","0.25","down regulation","-0.889","RNF167"
"Enzalutamide","A-375","24","0.25","down regulation","-0.892","KIAA0753"
"Enzalutamide","A-375","24","0.25","down regulation","-0.9","RBM6"
"Enzalutamide","A-375","24","0.25","down regulation","-0.901","SQRDL"
"Enzalutamide","A-375","24","0.25","down regulation","-0.901","PLK1"
"Enzalutamide","MCF7","24","0.25","down regulation","-0.905","NPDC1"
"Enzalutamide","MCF7","24","0.25","down regulation","-0.918","TOR1A"
"Enzalutamide","MCF7","24","0.25","down regulation","-0.92","ARPP19"
"Enzalutamide","HT-29","24","0.25","down regulation","-0.929","TICAM1"
"Enzalutamide","MCF7","24","0.25","down regulation","-0.929","FBXL12"
"Enzalutamide","A-375","24","0.25","down regulation","-0.948","ALAS1"
"Enzalutamide","HT-29","24","0.25","down regulation","-0.953","TRAPPC6A"
"Enzalutamide","A-375","24","0.25","down regulation","-0.954","TIPARP"
"Enzalutamide","MCF7","24","0.25","down regulation","-0.956","SMARCD2"
"Enzalutamide","HT-29","24","0.25","down regulation","-0.964","KIAA0494"
"Enzalutamide","A-375","24","0.25","down regulation","-0.968","UFM1"
"Enzalutamide","A-375","24","0.25","down regulation","-0.974","CASP7"
"Enzalutamide","MCF7","24","0.25","down regulation","-0.98","LPAR2"
"Enzalutamide","PC-3","6","0.25","down regulation","-0.985","TWF2"
"Enzalutamide","MCF7","24","0.25","down regulation","-0.986","PLOD3"
"Enzalutamide","MCF7","24","0.25","down regulation","-0.987","PPP1R13B"
"Enzalutamide","MCF7","24","0.25","down regulation","-0.988","JUN"
"Enzalutamide","MCF7","24","0.25","down regulation","-0.991","ELAC2"
"Enzalutamide","PC-3","6","0.25","down regulation","-0.991","EPB41L2"
"Enzalutamide","HT-29","24","0.25","down regulation","-0.995","PYGL"
"Enzalutamide","A-375","24","0.25","down regulation","-0.996","SNX7"
"Enzalutamide","MCF7","24","0.25","down regulation","-1.002","SOX4"
"Enzalutamide","A-375","24","0.25","down regulation","-1.003","STX4"
"Enzalutamide","A-375","24","0.25","down regulation","-1.003","ZNF589"
"Enzalutamide","MCF7","24","0.25","down regulation","-1.004","GNAS"
"Enzalutamide","MCF7","24","0.25","down regulation","-1.01","RBM6"
"Enzalutamide","MCF7","24","0.25","down regulation","-1.014","NR1H2"
"Enzalutamide","A-375","24","0.25","down regulation","-1.021","LAP3"
"Enzalutamide","A-375","24","0.25","down regulation","-1.023","RNF167"
"Enzalutamide","A-375","24","0.25","down regulation","-1.024","PPP2R5A"
"Enzalutamide","A-375","24","0.25","down regulation","-1.024","ABHD6"
"Enzalutamide","HT-29","24","0.25","down regulation","-1.025","GPC1"
"Enzalutamide","A-375","24","0.25","down regulation","-1.037","DUSP22"
"Enzalutamide","HT-29","24","0.25","down regulation","-1.038","PRR7"
"Enzalutamide","A-375","24","0.25","down regulation","-1.04","COG4"
"Enzalutamide","PC-3","6","0.25","down regulation","-1.047","IGF2BP2"
"Enzalutamide","MCF7","24","0.25","down regulation","-1.061","RAC2"
"Enzalutamide","A-375","24","0.25","down regulation","-1.061","P4HTM"
"Enzalutamide","MCF7","24","0.25","down regulation","-1.063","FAM69A"
"Enzalutamide","PC-3","6","0.25","down regulation","-1.067","GRB10"
"Enzalutamide","MCF7","24","0.25","down regulation","-1.071","ADAT1"
"Enzalutamide","PC-3","6","0.25","down regulation","-1.073","CRTAP"
"Enzalutamide","PC-3","6","0.25","down regulation","-1.079","PLP2"
"Enzalutamide","PC-3","6","0.25","down regulation","-1.079","GPATCH8"
"Enzalutamide","MCF7","24","0.25","down regulation","-1.083","PRKACA"
"Enzalutamide","A-375","24","0.25","down regulation","-1.083","FCHO1"
"Enzalutamide","PC-3","6","0.25","down regulation","-1.086","DDX10"
"Enzalutamide","HT-29","24","0.25","down regulation","-1.089","AKAP8"
"Enzalutamide","PC-3","6","0.25","down regulation","-1.095","WDTC1"
"Enzalutamide","HT-29","24","0.25","down regulation","-1.102","PRSS23"
"Enzalutamide","MCF7","24","0.25","down regulation","-1.104","ALAS1"
"Enzalutamide","A-375","24","0.25","down regulation","-1.108","CDKN2A"
"Enzalutamide","PC-3","6","0.25","down regulation","-1.114","MICALL1"
"Enzalutamide","PC-3","6","0.25","down regulation","-1.115","INPP1"
"Enzalutamide","MCF7","24","0.25","down regulation","-1.122","RBM15B"
"Enzalutamide","HT-29","24","0.25","down regulation","-1.128","SMC1A"
"Enzalutamide","PC-3","6","0.25","down regulation","-1.128","CAB39"
"Enzalutamide","SW620","6","0.25","down regulation","-1.135","RAB4A"
"Enzalutamide","SW620","6","0.25","down regulation","-1.136","RRP12"
"Enzalutamide","SW620","6","0.25","down regulation","-1.137","TGFBR2"
"Enzalutamide","A-375","24","0.25","down regulation","-1.14","SORBS3"
"Enzalutamide","HT-29","24","0.25","down regulation","-1.141","FAM69A"
"Enzalutamide","A-375","24","0.25","down regulation","-1.143","NVL"
"Enzalutamide","MCF7","24","0.25","down regulation","-1.157","OXSR1"
"Enzalutamide","HT-29","24","0.25","down regulation","-1.166","PLK1"
"Enzalutamide","MCF7","24","0.25","down regulation","-1.17","CLIC4"
"Enzalutamide","SW620","6","0.25","down regulation","-1.186","TWF2"
"Enzalutamide","MCF7","24","0.25","down regulation","-1.19","HIST1H2BK"
"Enzalutamide","SW620","6","0.25","down regulation","-1.192","MAN2B1"
"Enzalutamide","MCF7","24","0.25","down regulation","-1.193","CTSD"
"Enzalutamide","A-375","24","0.25","down regulation","-1.196","CHIC2"
"Enzalutamide","PC-3","6","0.25","down regulation","-1.201","SPTLC2"
"Enzalutamide","PC-3","6","0.25","down regulation","-1.202","TBP"
"Enzalutamide","SW620","6","0.25","down regulation","-1.203","DDX10"
"Enzalutamide","MCF7","24","0.25","down regulation","-1.204","STX4"
"Enzalutamide","MCF7","24","0.25","down regulation","-1.204","SMC1A"
"Enzalutamide","MCF7","24","0.25","down regulation","-1.211","ACOT9"
"Enzalutamide","MCF7","24","0.25","down regulation","-1.223","PDGFA"
"Enzalutamide","MCF7","24","0.25","down regulation","-1.224","P4HTM"
"Enzalutamide","SW620","6","0.25","down regulation","-1.228","S100A4"
"Enzalutamide","SW620","6","0.25","down regulation","-1.231","LIG1"
"Enzalutamide","PC-3","6","0.25","down regulation","-1.234","HOOK2"
"Enzalutamide","PC-3","6","0.25","down regulation","-1.245","TLR4"
"Enzalutamide","HT-29","24","0.25","down regulation","-1.251","BLCAP"
"Enzalutamide","PC-3","6","0.25","down regulation","-1.257","RPS5"
"Enzalutamide","MCF7","24","0.25","down regulation","-1.27","ASCC3"
"Enzalutamide","SW620","6","0.25","down regulation","-1.277","VAT1"
"Enzalutamide","SW620","6","0.25","down regulation","-1.281","CSNK1A1"
"Enzalutamide","SW620","6","0.25","down regulation","-1.282","HSPA1A"
"Enzalutamide","SW620","6","0.25","down regulation","-1.293","CLTB"
"Enzalutamide","SW620","6","0.25","down regulation","-1.301","RFC2"
"Enzalutamide","SW620","6","0.25","down regulation","-1.303","TERF2IP"
"Enzalutamide","HT-29","24","0.25","down regulation","-1.309","CDKN1B"
"Enzalutamide","PC-3","6","0.25","down regulation","-1.311","MAN2B1"
"Enzalutamide","SW620","6","0.25","down regulation","-1.314","ALDOA"
"Enzalutamide","A-375","24","0.25","down regulation","-1.323","ABCF1"
"Enzalutamide","SW620","6","0.25","down regulation","-1.325","CLTC"
"Enzalutamide","A-375","24","0.25","down regulation","-1.329","NPEPL1"
"Enzalutamide","PC-3","6","0.25","down regulation","-1.331","CHEK2"
"Enzalutamide","MCF7","24","0.25","down regulation","-1.341","HMGCS1"
"Enzalutamide","SW620","6","0.25","down regulation","-1.342","EPRS"
"Enzalutamide","MCF7","24","0.25","down regulation","-1.344","MTA1"
"Enzalutamide","HT-29","24","0.25","down regulation","-1.37","ABCC5"
"Enzalutamide","PC-3","6","0.25","down regulation","-1.371","WRB"
"Enzalutamide","SW620","6","0.25","down regulation","-1.385","AKAP8L"
"Enzalutamide","SW620","6","0.25","down regulation","-1.387","CSK"
"Enzalutamide","NCI-H596","6","0.25","down regulation","-1.387","HLA-DRA"
"Enzalutamide","MCF7","24","0.25","down regulation","-1.39","PTPRK"
"Enzalutamide","PC-3","6","0.25","down regulation","-1.391","SKIV2L"
"Enzalutamide","NCI-H596","6","0.25","down regulation","-1.393","BTK"
"Enzalutamide","PC-3","6","0.25","down regulation","-1.398","STXBP2"
"Enzalutamide","NCI-H596","6","0.25","down regulation","-1.401","NUCB2"
"Enzalutamide","SW620","6","0.25","down regulation","-1.404","RPN1"
"Enzalutamide","SW620","6","0.25","down regulation","-1.407","CPSF4"
"Enzalutamide","NCI-H596","6","0.25","down regulation","-1.408","FBXO11"
"Enzalutamide","PC-3","6","0.25","down regulation","-1.409","OXA1L"
"Enzalutamide","NCI-H596","6","0.25","down regulation","-1.412","NOTCH1"
"Enzalutamide","PC-3","6","0.25","down regulation","-1.412","PWP1"
"Enzalutamide","PC-3","6","0.25","down regulation","-1.415","PCMT1"
"Enzalutamide","PC-3","6","0.25","down regulation","-1.417","DAG1"
"Enzalutamide","NCI-H596","6","0.25","down regulation","-1.418","CASP10"
"Enzalutamide","NCI-H596","6","0.25","down regulation","-1.42","NFKBIE"
"Enzalutamide","A-375","24","0.25","down regulation","-1.422","RALGDS"
"Enzalutamide","NCI-H596","6","0.25","down regulation","-1.424","LPAR2"
"Enzalutamide","SW620","6","0.25","down regulation","-1.437","TP53"
"Enzalutamide","A-375","24","0.25","down regulation","-1.437","RALA"
"Enzalutamide","NCI-H596","6","0.25","down regulation","-1.438","SPDEF"
"Enzalutamide","NCI-H596","6","0.25","down regulation","-1.442","PEX11A"
"Enzalutamide","SW620","6","0.25","down regulation","-1.444","ADAM10"
"Enzalutamide","SW620","6","0.25","down regulation","-1.451","ETFB"
"Enzalutamide","NCI-H596","6","0.25","down regulation","-1.456","MYL9"
"Enzalutamide","NCI-H596","6","0.25","down regulation","-1.456","WFS1"
"Enzalutamide","NCI-H596","6","0.25","down regulation","-1.46","EDEM1"
"Enzalutamide","NCI-H596","6","0.25","down regulation","-1.461","KDM5B"
"Enzalutamide","NCI-H596","6","0.25","down regulation","-1.462","DNMT1"
"Enzalutamide","SW620","6","0.25","down regulation","-1.465","FBXO11"
"Enzalutamide","HT-29","24","0.25","down regulation","-1.467","MFSD10"
"Enzalutamide","NCI-H596","6","0.25","down regulation","-1.467","ADAT1"
"Enzalutamide","SW-948","6","0.25","down regulation","-1.47","NIPSNAP1"
"Enzalutamide","SW620","6","0.25","down regulation","-1.475","VDAC1"
"Enzalutamide","SW620","6","0.25","down regulation","-1.478","HDAC6"
"Enzalutamide","NCI-H596","6","0.25","down regulation","-1.478","TOR1A"
"Enzalutamide","SW620","6","0.25","down regulation","-1.484","GALE"
"Enzalutamide","SW620","6","0.25","down regulation","-1.491","HSPB1"
"Enzalutamide","NCI-H596","6","0.25","down regulation","-1.492","DNAJB6"
"Enzalutamide","MCF7","24","0.25","down regulation","-1.492","BAX"
"Enzalutamide","PC-3","6","0.25","down regulation","-1.5","RASA1"
"Enzalutamide","NCI-H596","6","0.25","down regulation","-1.501","ZNF589"
"Enzalutamide","SW620","6","0.25","down regulation","-1.506","AARS"
"Enzalutamide","A-375","24","0.25","down regulation","-1.512","XPNPEP1"
"Enzalutamide","NCI-H596","6","0.25","down regulation","-1.514","ARL4C"
"Enzalutamide","PC-3","6","0.25","down regulation","-1.515","MAP4K4"
"Enzalutamide","NCI-H596","6","0.25","down regulation","-1.516","TNFRSF21"
"Enzalutamide","NCI-H596","6","0.25","down regulation","-1.516","SNX7"
"Enzalutamide","NCI-H596","6","0.25","down regulation","-1.518","ABL1"
"Enzalutamide","SW620","6","0.25","down regulation","-1.52","ACLY"
"Enzalutamide","NCI-H596","6","0.25","down regulation","-1.525","CCNH"
"Enzalutamide","SW620","6","0.25","down regulation","-1.54","TICAM1"
"Enzalutamide","SW-948","6","0.25","down regulation","-1.544","FIS1"
"Enzalutamide","SW-948","6","0.25","down regulation","-1.549","MBNL1"
"Enzalutamide","SW620","6","0.25","down regulation","-1.556","STK25"
"Enzalutamide","SW-948","6","0.25","down regulation","-1.561","TXNRD1"
"Enzalutamide","A673","6","0.25","down regulation","-1.566","PTPLAD1"
"Enzalutamide","A673","6","0.25","down regulation","-1.566","ACAT2"
"Enzalutamide","NCI-H596","6","0.25","down regulation","-1.577","IGF2BP2"
"Enzalutamide","SW-948","6","0.25","down regulation","-1.577","ETFB"
"Enzalutamide","PC-3","6","0.25","down regulation","-1.578","PDIA5"
"Enzalutamide","PC-3","6","0.25","down regulation","-1.578","KAT6B"
"Enzalutamide","SW-948","6","0.25","down regulation","-1.582","FOXO3"
"Enzalutamide","SW-948","6","0.25","down regulation","-1.588","RNMT"
"Enzalutamide","SW-948","6","0.25","down regulation","-1.599","LSM5"
"Enzalutamide","SW-948","6","0.25","down regulation","-1.613","ATP2C1"
"Enzalutamide","SW-948","6","0.25","down regulation","-1.614","MAPK1IP1L"
"Enzalutamide","SW-948","6","0.25","down regulation","-1.616","PCBD1"
"Enzalutamide","NCI-H596","6","0.25","down regulation","-1.628","NR1H2"
"Enzalutamide","HT-29","24","0.25","down regulation","-1.629","ARHGEF2"
"Enzalutamide","SW-948","6","0.25","down regulation","-1.63","PSME1"
"Enzalutamide","PC-3","6","0.25","down regulation","-1.632","STXBP1"
"Enzalutamide","SW-948","6","0.25","down regulation","-1.643","ATP6V1D"
"Enzalutamide","A673","6","0.25","down regulation","-1.645","PAF1"
"Enzalutamide","NCI-H596","6","0.25","down regulation","-1.647","IL4R"
"Enzalutamide","A-375","24","0.25","down regulation","-1.654","TWF2"
"Enzalutamide","PC-3","6","0.25","down regulation","-1.657","GAA"
"Enzalutamide","A-375","24","0.25","down regulation","-1.659","TLE1"
"Enzalutamide","NCI-H596","6","0.25","down regulation","-1.662","IGHMBP2"
"Enzalutamide","SW-948","6","0.25","down regulation","-1.662","CIRBP"
"Enzalutamide","A673","6","0.25","down regulation","-1.668","TBPL1"
"Enzalutamide","SW620","6","0.25","down regulation","-1.673","GADD45B"
"Enzalutamide","PC-3","6","0.25","down regulation","-1.681","CDH3"
"Enzalutamide","SW-948","6","0.25","down regulation","-1.682","ATF1"
"Enzalutamide","SW-948","6","0.25","down regulation","-1.687","PRPF4"
"Enzalutamide","SW-948","6","0.25","down regulation","-1.688","DRAP1"
"Enzalutamide","A673","6","0.25","down regulation","-1.689","GFPT1"
"Enzalutamide","A673","6","0.25","down regulation","-1.696","COASY"
"Enzalutamide","SW-948","6","0.25","down regulation","-1.696","COASY"
"Enzalutamide","A673","6","0.25","down regulation","-1.7","MPZL1"
"Enzalutamide","SW-948","6","0.25","down regulation","-1.701","TBP"
"Enzalutamide","SW-948","6","0.25","down regulation","-1.704","RPN1"
"Enzalutamide","A673","6","0.25","down regulation","-1.711","DAG1"
"Enzalutamide","MCF7","24","0.25","down regulation","-1.714","UGDH"
"Enzalutamide","A673","6","0.25","down regulation","-1.714","BTK"
"Enzalutamide","SW-948","6","0.25","down regulation","-1.718","TXLNA"
"Enzalutamide","A-375","24","0.25","down regulation","-1.718","NISCH"
"Enzalutamide","A673","6","0.25","down regulation","-1.724","TOPBP1"
"Enzalutamide","NCI-H596","6","0.25","down regulation","-1.726","HIST2H2BE"
"Enzalutamide","NCI-H596","6","0.25","down regulation","-1.73","CNPY3"
"Enzalutamide","SW-948","6","0.25","down regulation","-1.73","SPRED2"
"Enzalutamide","NCI-H596","6","0.25","down regulation","-1.734","PTPRF"
"Enzalutamide","HT-29","24","0.25","down regulation","-1.739","CD58"
"Enzalutamide","A673","6","0.25","down regulation","-1.741","TM9SF3"
"Enzalutamide","NCI-H596","6","0.25","down regulation","-1.745","NRAS"
"Enzalutamide","SW620","6","0.25","down regulation","-1.749","YME1L1"
"Enzalutamide","A673","6","0.25","down regulation","-1.759","LPGAT1"
"Enzalutamide","SW-948","6","0.25","down regulation","-1.761","PARP2"
"Enzalutamide","SW-948","6","0.25","down regulation","-1.764","NUP88"
"Enzalutamide","A673","6","0.25","down regulation","-1.765","SPTAN1"
"Enzalutamide","NCI-H596","6","0.25","down regulation","-1.768","IL1B"
"Enzalutamide","HCT 116","6","0.25","down regulation","-1.771","BECN1"
"Enzalutamide","HCT 116","6","0.25","down regulation","-1.772","P4HTM"
"Enzalutamide","SW-948","6","0.25","down regulation","-1.774","PGRMC1"
"Enzalutamide","SW-948","6","0.25","down regulation","-1.775","NPEPL1"
"Enzalutamide","A673","6","0.25","down regulation","-1.775","WDTC1"
"Enzalutamide","PC-3","6","0.25","down regulation","-1.779","SRC"
"Enzalutamide","A-375","24","0.25","down regulation","-1.779","PPP2R3C"
"Enzalutamide","HCT 116","6","0.25","down regulation","-1.78","LSM6"
"Enzalutamide","HCT 116","6","0.25","down regulation","-1.78","LRPAP1"
"Enzalutamide","HT-29","24","0.25","down regulation","-1.781","CLSTN1"
"Enzalutamide","NCI-H596","6","0.25","down regulation","-1.785","FRS2"
"Enzalutamide","HCT 116","6","0.25","down regulation","-1.786","TMEM5"
"Enzalutamide","SW-948","6","0.25","down regulation","-1.787","SMC4"
"Enzalutamide","HCT 116","6","0.25","down regulation","-1.791","PGAM1"
"Enzalutamide","A673","6","0.25","down regulation","-1.792","BLMH"
"Enzalutamide","SW-948","6","0.25","down regulation","-1.794","STK25"
"Enzalutamide","SW-948","6","0.25","down regulation","-1.796","UFM1"
"Enzalutamide","SW-948","6","0.25","down regulation","-1.796","KDM3A"
"Enzalutamide","SW-948","6","0.25","down regulation","-1.797","S100A13"
"Enzalutamide","MCF7","24","0.25","down regulation","-1.805","PAFAH1B1"
"Enzalutamide","HCT 116","6","0.25","down regulation","-1.806","NOLC1"
"Enzalutamide","SW-948","6","0.25","down regulation","-1.806","MTHFD2"
"Enzalutamide","HT-29","24","0.25","down regulation","-1.807","ADH5"
"Enzalutamide","HCT 116","6","0.25","down regulation","-1.812","GPATCH8"
"Enzalutamide","SW620","6","0.25","down regulation","-1.814","GNAI2"
"Enzalutamide","HCT 116","6","0.25","down regulation","-1.817","EZH2"
"Enzalutamide","HCT 116","6","0.25","down regulation","-1.817","ASCC3"
"Enzalutamide","HCT 116","6","0.25","down regulation","-1.819","PAFAH1B3"
"Enzalutamide","A673","6","0.25","down regulation","-1.823","PPP2R3C"
"Enzalutamide","SW-948","6","0.25","down regulation","-1.833","PWP1"
"Enzalutamide","PC-3","6","0.25","down regulation","-1.838","TP53BP2"
"Enzalutamide","NCI-H596","6","0.25","down regulation","-1.839","FKBP4"
"Enzalutamide","HCT 116","6","0.25","down regulation","-1.842","TBP"
"Enzalutamide","HCT 116","6","0.25","down regulation","-1.843","TIMM9"
"Enzalutamide","SW620","6","0.25","down regulation","-1.848","CASC3"
"Enzalutamide","HCT 116","6","0.25","down regulation","-1.849","HN1L"
"Enzalutamide","SW-948","6","0.25","down regulation","-1.854","BECN1"
"Enzalutamide","NCI-H596","6","0.25","down regulation","-1.859","TRIB1"
"Enzalutamide","NCI-H596","6","0.25","down regulation","-1.86","TRIM2"
"Enzalutamide","A673","6","0.25","down regulation","-1.878","USP1"
"Enzalutamide","HCT 116","6","0.25","down regulation","-1.9","PARP2"
"Enzalutamide","SW620","6","0.25","down regulation","-1.901","EIF5"
"Enzalutamide","HCT 116","6","0.25","down regulation","-1.908","SLC35B1"
"Enzalutamide","HT-29","24","0.25","down regulation","-1.917","TOPBP1"
"Enzalutamide","HCT 116","6","0.25","down regulation","-1.921","OXA1L"
"Enzalutamide","SW620","6","0.25","down regulation","-1.929","MACF1"
"Enzalutamide","SW620","6","0.25","down regulation","-1.933","CIAPIN1"
"Enzalutamide","SW620","6","0.25","down regulation","-1.939","FAM57A"
"Enzalutamide","SW620","6","0.25","down regulation","-1.943","OXA1L"
"Enzalutamide","NCI-H596","6","0.25","down regulation","-1.952","TRAPPC6A"
"Enzalutamide","A673","6","0.25","down regulation","-1.953","CCNE2"
"Enzalutamide","HCT 116","6","0.25","down regulation","-1.954","CCNB2"
"Enzalutamide","HCT 116","6","0.25","down regulation","-1.954","HSPB1"
"Enzalutamide","HCT 116","6","0.25","down regulation","-1.968","STUB1"
"Enzalutamide","A673","6","0.25","down regulation","-1.969","ABCB6"
"Enzalutamide","HCT 116","6","0.25","down regulation","-1.978","TXNRD1"
"Enzalutamide","SW-948","6","0.25","down regulation","-1.98","LRP10"
"Enzalutamide","A673","6","0.25","down regulation","-2.004","FYN"
"Enzalutamide","HCT 116","6","0.25","down regulation","-2.004","EPRS"
"Enzalutamide","A673","6","0.25","down regulation","-2.011","LSM5"
"Enzalutamide","NCI-H596","6","0.25","down regulation","-2.011","CORO1A"
"Enzalutamide","HCT 116","6","0.25","down regulation","-2.014","ETFB"
"Enzalutamide","A673","6","0.25","down regulation","-2.015","MBNL1"
"Enzalutamide","MCF7","24","0.25","down regulation","-2.016","ABCF3"
"Enzalutamide","HCT 116","6","0.25","down regulation","-2.016","TRAP1"
"Enzalutamide","HCT 116","6","0.25","down regulation","-2.017","PCCB"
"Enzalutamide","HCT 116","6","0.25","down regulation","-2.023","ARFIP2"
"Enzalutamide","HCT 116","6","0.25","down regulation","-2.026","EBP"
"Enzalutamide","SW620","6","0.25","down regulation","-2.026","EBP"
"Enzalutamide","HCT 116","6","0.25","down regulation","-2.047","TCERG1"
"Enzalutamide","A673","6","0.25","down regulation","-2.055","RPN1"
"Enzalutamide","HCT 116","6","0.25","down regulation","-2.059","NENF"
"Enzalutamide","A673","6","0.25","down regulation","-2.067","ATG3"
"Enzalutamide","NCI-H596","6","0.25","down regulation","-2.073","HEATR1"
"Enzalutamide","A673","6","0.25","down regulation","-2.084","NUP93"
"Enzalutamide","SW-948","6","0.25","down regulation","-2.088","TRAPPC3"
"Enzalutamide","HCT 116","6","0.25","down regulation","-2.099","TXLNA"
"Enzalutamide","A673","6","0.25","down regulation","-2.115","CRK"
"Enzalutamide","HCT 116","6","0.25","down regulation","-2.125","RAE1"
"Enzalutamide","HCT 116","6","0.25","down regulation","-2.13","SDHB"
"Enzalutamide","A673","6","0.25","down regulation","-2.142","CSNK2A2"
"Enzalutamide","HCT 116","6","0.25","down regulation","-2.149","HLA-DMA"
"Enzalutamide","HCT 116","6","0.25","down regulation","-2.151","SACM1L"
"Enzalutamide","HCT 116","6","0.25","down regulation","-2.161","STMN1"
"Enzalutamide","SW-948","6","0.25","down regulation","-2.186","PLEKHM1"
"Enzalutamide","A673","6","0.25","down regulation","-2.191","FOXJ3"
"Enzalutamide","A673","6","0.25","down regulation","-2.201","PNP"
"Enzalutamide","A673","6","0.25","down regulation","-2.217","ATP6V0B"
"Enzalutamide","HCT 116","6","0.25","down regulation","-2.228","PCBD1"
"Enzalutamide","HCT 116","6","0.25","down regulation","-2.236","BAG3"
"Enzalutamide","A673","6","0.25","down regulation","-2.247","HEATR1"
"Enzalutamide","PC-3","6","0.25","down regulation","-2.25","CCDC90A"
"Enzalutamide","A673","6","0.25","down regulation","-2.251","CIAPIN1"
"Enzalutamide","HCT 116","6","0.25","down regulation","-2.254","ENOSF1"
"Enzalutamide","SW620","6","0.25","down regulation","-2.257","CTSD"
"Enzalutamide","MCF7","24","0.25","down regulation","-2.258","SPR"
"Enzalutamide","SW620","6","0.25","down regulation","-2.274","TES"
"Enzalutamide","MCF7","24","0.25","down regulation","-2.292","NR2F6"
"Enzalutamide","A-375","24","0.25","down regulation","-2.294","CD320"
"Enzalutamide","MCF7","24","0.25","down regulation","-2.305","PIK3C2B"
"Enzalutamide","A673","6","0.25","down regulation","-2.311","RFX5"
"Enzalutamide","MCF7","24","0.25","down regulation","-2.314","VPS28"
"Enzalutamide","A673","6","0.25","down regulation","-2.32","ZDHHC6"
"Enzalutamide","SW-948","6","0.25","down regulation","-2.329","SPEN"
"Enzalutamide","HCT 116","6","0.25","down regulation","-2.331","CTSL1"
"Enzalutamide","NCI-H596","6","0.25","down regulation","-2.334","TFAP2A"
"Enzalutamide","MCF7","24","0.25","down regulation","-2.336","KIAA0528"
"Enzalutamide","SW-948","6","0.25","down regulation","-2.356","TBPL1"
"Enzalutamide","A673","6","0.25","down regulation","-2.364","CCP110"
"Enzalutamide","A673","6","0.25","down regulation","-2.379","MAP7"
"Enzalutamide","PC-3","6","0.25","down regulation","-2.383","PCCB"
"Enzalutamide","NCI-H596","6","0.25","down regulation","-2.384","CAST"
"Enzalutamide","A-375","24","0.25","down regulation","-2.407","ATP6V1D"
"Enzalutamide","A673","6","0.25","down regulation","-2.429","CLIC4"
"Enzalutamide","SW-948","6","0.25","down regulation","-2.46","MIF"
"Enzalutamide","PC-3","6","0.25","down regulation","-2.462","SCARB1"
"Enzalutamide","HCT 116","6","0.25","down regulation","-2.464","RPN1"
"Enzalutamide","SW-948","6","0.25","down regulation","-2.472","KCNK1"
"Enzalutamide","HT-29","24","0.25","down regulation","-2.511","NSDHL"
"Enzalutamide","MCF7","24","0.25","down regulation","-2.516","CDKN1B"
"Enzalutamide","HT-29","24","0.25","down regulation","-2.541","ISOC1"
"Enzalutamide","SW-948","6","0.25","down regulation","-2.567","CASP7"
"Enzalutamide","SW-948","6","0.25","down regulation","-2.583","ALAS1"
"Enzalutamide","A673","6","0.25","down regulation","-2.594","DAXX"
"Enzalutamide","SW-948","6","0.25","down regulation","-2.597","PUF60"
"Enzalutamide","HCT 116","6","0.25","down regulation","-2.615","PPIE"
"Enzalutamide","HCT 116","6","0.25","down regulation","-2.622","MRPL12"
"Enzalutamide","SW620","6","0.25","down regulation","-2.632","CCDC86"
"Enzalutamide","NCI-H596","6","0.25","down regulation","-2.674","PTPN1"
"Enzalutamide","SW620","6","0.25","down regulation","-2.684","TLK2"
"Enzalutamide","SW620","6","0.25","down regulation","-2.695","PIN1"
"Enzalutamide","A673","6","0.25","down regulation","-2.713","LAP3"
"Enzalutamide","SW-948","6","0.25","down regulation","-2.745","VDAC1"
"Enzalutamide","A-375","24","0.25","down regulation","-2.75","PPP2R5E"
"Enzalutamide","HCT 116","6","0.25","down regulation","-2.761","MFSD10"
"Enzalutamide","A673","6","0.25","down regulation","-2.83","KTN1"
"Enzalutamide","SW-948","6","0.25","down regulation","-2.849","EPN2"
"Enzalutamide","SW-948","6","0.25","down regulation","-2.856","MRPS16"
"Enzalutamide","A-375","24","0.25","down regulation","-2.892","PCNA"
"Enzalutamide","SW620","6","0.25","down regulation","-2.92","BECN1"
"Enzalutamide","MCF7","24","0.25","down regulation","-2.969","TEX10"
"Enzalutamide","MCF7","24","0.25","down regulation","-3.08","RPIA"
"Enzalutamide","HCT 116","6","0.25","down regulation","-3.109","PWP1"
"Enzalutamide","HCT 116","6","0.25","down regulation","-3.137","COG2"
"Enzalutamide","PC-3","6","0.25","down regulation","-3.156","GNAS"
"Enzalutamide","SW-948","6","0.25","down regulation","-3.163","PCNA"
"Enzalutamide","NCI-H596","6","0.25","down regulation","-3.176","KIF20A"
"Enzalutamide","NCI-H596","6","0.25","down regulation","-3.202","PXMP2"
"Enzalutamide","A673","6","0.25","down regulation","-3.246","PIK3C2B"
"Enzalutamide","PC-3","6","0.25","down regulation","-3.255","PPP2R3C"
"Enzalutamide","A673","6","0.25","down regulation","-3.26","PPP2R5E"
"Enzalutamide","A-375","24","0.25","down regulation","-3.265","POLG2"
"Enzalutamide","A-375","24","0.25","down regulation","-3.365","CDK4"
"Enzalutamide","SW-948","6","0.25","down regulation","-3.48","CHMP4A"
"Enzalutamide","A673","6","0.25","down regulation","-3.498","MCM3"
"Enzalutamide","HT-29","24","0.25","down regulation","-3.516","HMG20B"
"Enzalutamide","MCF7","24","0.25","down regulation","-3.547","ATP6V1D"
"Enzalutamide","A673","6","0.25","down regulation","-3.672","DNTTIP2"
"Enzalutamide","A-375","24","0.25","down regulation","-3.679","VPS28"
"Enzalutamide","A673","6","0.25","down regulation","-3.684","CCDC90A"
"Enzalutamide","PC-3","6","0.25","down regulation","-3.684","CD320"
"Enzalutamide","SW620","6","0.25","down regulation","-3.776","MRPS2"
"Enzalutamide","HCT 116","6","0.25","down regulation","-3.785","CDC20"
"Enzalutamide","MCF7","24","0.25","down regulation","-3.797","IFRD2"
"Enzalutamide","HCT 116","6","0.25","down regulation","-3.82","RPS6"
"Enzalutamide","HT-29","24","0.25","down regulation","-3.862","NOSIP"
"Enzalutamide","HCT 116","6","0.25","down regulation","-3.878","PGRMC1"
"Enzalutamide","A-375","24","0.25","down regulation","-3.885","AKR7A2"
"Enzalutamide","A-375","24","0.25","down regulation","-3.994","JMJD6"
"Enzalutamide","A673","6","0.25","down regulation","-4.121","KAT6A"
"Enzalutamide","HT-29","24","0.25","down regulation","-4.214","SLC25A13"
"Enzalutamide","PC-3","6","0.25","down regulation","-4.242","ARPP19"
"Enzalutamide","MCF7","24","0.25","down regulation","-4.259","CDC25B"
"Enzalutamide","PC-3","6","0.25","down regulation","-4.341","GRN"
"Enzalutamide","HT-29","24","0.25","down regulation","-4.357","TM9SF3"
"Enzalutamide","PC-3","6","0.25","down regulation","-4.577","PPP2R5E"
"Enzalutamide","PC-3","6","0.25","down regulation","-4.839","COG2"
"Enzalutamide","NCI-H596","6","0.25","down regulation","-5.151","IKZF1"
"Enzalutamide","HCT 116","6","0.25","down regulation","-5.345","PCNA"
"Enzalutamide","A673","6","0.25","down regulation","-5.361","TIMM17B"
"Enzalutamide","HT-29","24","0.25","down regulation","-5.437","PUF60"
"Enzalutamide","A673","6","0.25","down regulation","-5.74","SLC35F2"
"Enzalutamide","PC-3","6","0.25","down regulation","-6.033","HMG20B"
"Enzalutamide","NCI-H596","6","0.25","down regulation","-6.099","PPP2R5A"
"Enzalutamide","PC-3","6","0.25","down regulation","-6.315","AKR7A2"
"Enzalutamide","A673","6","0.25","down regulation","-6.788","ZNF586"
"Enzalutamide","PC-3","6","0.25","down regulation","-7.069","TXNDC9"
"Enzalutamide","PC-3","6","0.25","down regulation","-7.268","TIMM9"
"Enzalutamide","HCT 116","6","0.25","down regulation","-7.67","PUF60"
"Enzalutamide","PC-3","6","0.25","down regulation","-7.96","PIN1"
"Enzalutamide","A673","6","0.25","down regulation","-8.578","ATP6V1D"
"Enzalutamide","NCI-H596","6","0.25","down regulation","-9.993","GNAS"
"Enzalutamide","NCI-H596","6","0.25","down regulation","-11.214","COG2"
"Enzalutamide","NCI-H596","6","0.25","down regulation","-11.324","CDC20"
"Enzalutamide","SW-948","6","0.25","down regulation","-14.248","CCNB1"